experiment_id,candidate_id,strategy_family,score,accepted,validation_cagr,sharpe,max_drawdown,stop_reason
risk_managed_trend-ee8a71fb71e3d80f-20260911T192929693332Z-bac7b7dc,risk_managed_trend-ee8a71fb71e3d80f,risk_managed_trend,33.15064561,False,0.02499450622509114,0.914625066376341,-0.0289757301255531,CANDIDATE_EVALUATED
risk_managed_trend-ee8a71fb71e3d80f-20260911T194002253141Z-bcabf074,risk_managed_trend-ee8a71fb71e3d80f,risk_managed_trend,33.15064561,False,0.02499450622509114,0.914625066376341,-0.0289757301255531,CANDIDATE_EVALUATED
risk_managed_trend-6d81de836e3cf8d5-20260911T192947300806Z-7fcfcbcd,risk_managed_trend-6d81de836e3cf8d5,risk_managed_trend,33.03391277,False,0.02709145826455761,0.9111377329765801,-0.03409260623600929,CANDIDATE_EVALUATED
risk_managed_trend-6d81de836e3cf8d5-20260911T194019114427Z-80272aaa,risk_managed_trend-6d81de836e3cf8d5,risk_managed_trend,33.03391277,False,0.02709145826455761,0.9111377329765801,-0.03409260623600929,CANDIDATE_EVALUATED
risk_managed_trend-42b41fa1245ec7bf-20260911T192927407841Z-46628bd0,risk_managed_trend-42b41fa1245ec7bf,risk_managed_trend,32.96003581,False,0.02539732093817504,0.9441959799235862,-0.028583259227046298,CANDIDATE_EVALUATED
risk_managed_trend-42b41fa1245ec7bf-20260911T194000098180Z-2ee916f2,risk_managed_trend-42b41fa1245ec7bf,risk_managed_trend,32.96003581,False,0.02539732093817504,0.9441959799235862,-0.028583259227046298,CANDIDATE_EVALUATED
momentum-beed7614cb8af377-20260911T192634555110Z-a0096f64,momentum-beed7614cb8af377,momentum,32.65972181,False,0.053130812224861046,0.713175281185249,-0.1231673413922516,CANDIDATE_EVALUATED
momentum-beed7614cb8af377-20260911T193737197057Z-42f3156e,momentum-beed7614cb8af377,momentum,32.65972181,False,0.053130812224861046,0.713175281185249,-0.1231673413922516,CANDIDATE_EVALUATED
risk_managed_trend-744ae0ccb3dc742d-20260911T193006845434Z-6b7d54b8,risk_managed_trend-744ae0ccb3dc742d,risk_managed_trend,32.4239034,False,0.027428331904796766,0.8595966867725227,-0.038584849354536876,CANDIDATE_EVALUATED
risk_managed_trend-744ae0ccb3dc742d-20260911T194038083945Z-d47e3170,risk_managed_trend-744ae0ccb3dc742d,risk_managed_trend,32.4239034,False,0.027428331904796766,0.8595966867725227,-0.038584849354536876,CANDIDATE_EVALUATED
risk_managed_trend-193ebf102c437cc1-20260911T192949433344Z-77e93b3e,risk_managed_trend-193ebf102c437cc1,risk_managed_trend,31.36371437,False,0.02497527007447875,0.8194040851795288,-0.034443830399085384,CANDIDATE_EVALUATED
risk_managed_trend-193ebf102c437cc1-20260911T194021258553Z-e1856a74,risk_managed_trend-193ebf102c437cc1,risk_managed_trend,31.36371437,False,0.02497527007447875,0.8194040851795288,-0.034443830399085384,CANDIDATE_EVALUATED
risk_managed_trend-e54c22493f510e0b-20260911T193009021407Z-0386bcee,risk_managed_trend-e54c22493f510e0b,risk_managed_trend,30.58690596,False,0.026087377464459216,0.7943250064467399,-0.039131015034422845,CANDIDATE_EVALUATED
risk_managed_trend-e54c22493f510e0b-20260911T194040084039Z-5a027ad2,risk_managed_trend-e54c22493f510e0b,risk_managed_trend,30.58690596,False,0.026087377464459216,0.7943250064467399,-0.039131015034422845,CANDIDATE_EVALUATED
momentum-23055860f68f3442-20260911T192627165203Z-575029d4,momentum-23055860f68f3442,momentum,30.5608591,False,0.012147186228973927,0.5053572865117091,-0.03937171234442349,CANDIDATE_EVALUATED
momentum-23055860f68f3442-20260911T193730882670Z-18fa8cf4,momentum-23055860f68f3442,momentum,30.5608591,False,0.012147186228973927,0.5053572865117091,-0.03937171234442349,CANDIDATE_EVALUATED
risk_managed_trend-410e75a06edbc8ac-20260911T192830623843Z-d801ce9d,risk_managed_trend-410e75a06edbc8ac,risk_managed_trend,30.34451672,False,0.014584263724460644,0.837105599200571,-0.02060984719240333,CANDIDATE_EVALUATED
risk_managed_trend-410e75a06edbc8ac-20260911T193909387889Z-819ff220,risk_managed_trend-410e75a06edbc8ac,risk_managed_trend,30.34451672,False,0.014584263724460644,0.837105599200571,-0.02060984719240333,CANDIDATE_EVALUATED
risk_managed_trend-feb2cc81c1251a33-20260911T192951707133Z-d5f108ab,risk_managed_trend-feb2cc81c1251a33,risk_managed_trend,29.14245649,False,0.023229159186233028,0.7524608637889763,-0.03774550653607278,CANDIDATE_EVALUATED
risk_managed_trend-feb2cc81c1251a33-20260911T194023302253Z-2564a271,risk_managed_trend-feb2cc81c1251a33,risk_managed_trend,29.14245649,False,0.023229159186233028,0.7524608637889763,-0.03774550653607278,CANDIDATE_EVALUATED
risk_managed_trend-68c5759c8fce1733-20260911T192849488293Z-af1806c7,risk_managed_trend-68c5759c8fce1733,risk_managed_trend,29.12335097,False,0.015920001454523547,0.8069793325504102,-0.023425415767301616,CANDIDATE_EVALUATED
risk_managed_trend-68c5759c8fce1733-20260911T193925792638Z-ef579584,risk_managed_trend-68c5759c8fce1733,risk_managed_trend,29.12335097,False,0.015920001454523547,0.8069793325504102,-0.023425415767301616,CANDIDATE_EVALUATED
risk_managed_trend-91c861dd48978b55-20260911T192931896613Z-5eab5ae4,risk_managed_trend-91c861dd48978b55,risk_managed_trend,28.9640959,False,0.021465991729175515,0.7856503958865068,-0.029846609221770515,CANDIDATE_EVALUATED
risk_managed_trend-91c861dd48978b55-20260911T194004396695Z-e7a9baa6,risk_managed_trend-91c861dd48978b55,risk_managed_trend,28.9640959,False,0.021465991729175515,0.7856503958865068,-0.029846609221770515,CANDIDATE_EVALUATED
momentum-fa34b2403f39e93d-20260911T192630034069Z-2c8344aa,momentum-fa34b2403f39e93d,momentum,28.83708368,False,0.030293741927709394,0.7409883916688403,-0.06514111380786058,CANDIDATE_EVALUATED
momentum-fa34b2403f39e93d-20260911T193733482427Z-c92ceb01,momentum-fa34b2403f39e93d,momentum,28.83708368,False,0.030293741927709394,0.7409883916688403,-0.06514111380786058,CANDIDATE_EVALUATED
momentum-c9d13caf013c8460-20260911T192625688654Z-ad754070,momentum-c9d13caf013c8460,momentum,28.31918063,False,0.016217955791049787,0.7528895152908123,-0.03364540216992806,CANDIDATE_EVALUATED
momentum-c9d13caf013c8460-20260911T193729704108Z-e394c049,momentum-c9d13caf013c8460,momentum,28.31918063,False,0.016217955791049787,0.7528895152908123,-0.03364540216992806,CANDIDATE_EVALUATED
risk_managed_trend-183f85b770a4923f-20260911T192908482236Z-13122551,risk_managed_trend-183f85b770a4923f,risk_managed_trend,28.18195088,False,0.01601781068863084,0.7888168236049024,-0.02573897780088974,CANDIDATE_EVALUATED
risk_managed_trend-183f85b770a4923f-20260911T193940866462Z-0a51fd9c,risk_managed_trend-183f85b770a4923f,risk_managed_trend,28.18195088,False,0.01601781068863084,0.7888168236049024,-0.02573897780088974,CANDIDATE_EVALUATED
risk_managed_trend-02df5e1fa30821d2-20260911T192910348197Z-0ccda459,risk_managed_trend-02df5e1fa30821d2,risk_managed_trend,27.99481438,False,0.01542708046554142,0.7634390991442797,-0.026675338017643435,CANDIDATE_EVALUATED
risk_managed_trend-02df5e1fa30821d2-20260911T193943036951Z-d17938b5,risk_managed_trend-02df5e1fa30821d2,risk_managed_trend,27.99481438,False,0.01542708046554142,0.7634390991442797,-0.026675338017643435,CANDIDATE_EVALUATED
risk_managed_trend-ac3da19332c4d738-20260911T192953879078Z-7b0f7a02,risk_managed_trend-ac3da19332c4d738,risk_managed_trend,27.20698307,False,0.022698409167926537,0.7805202112161994,-0.04033931216699049,CANDIDATE_EVALUATED
risk_managed_trend-ac3da19332c4d738-20260911T194025390486Z-01408afa,risk_managed_trend-ac3da19332c4d738,risk_managed_trend,27.20698307,False,0.022698409167926537,0.7805202112161994,-0.04033931216699049,CANDIDATE_EVALUATED
risk_managed_trend-5adcc65ec7bc9fea-20260911T192855850044Z-7ff9c5b9,risk_managed_trend-5adcc65ec7bc9fea,risk_managed_trend,27.1707221,False,0.013329575624364098,0.6847916337220235,-0.028841981308501907,CANDIDATE_EVALUATED
risk_managed_trend-5adcc65ec7bc9fea-20260911T193930915774Z-da8e7331,risk_managed_trend-5adcc65ec7bc9fea,risk_managed_trend,27.1707221,False,0.013329575624364098,0.6847916337220235,-0.028841981308501907,CANDIDATE_EVALUATED
risk_managed_trend-f5789710d02b9f53-20260911T192914014988Z-9283e905,risk_managed_trend-f5789710d02b9f53,risk_managed_trend,27.08090962,False,0.01348766040727356,0.6726008422643244,-0.029111956054076682,CANDIDATE_EVALUATED
risk_managed_trend-f5789710d02b9f53-20260911T193947364147Z-8ba7fc11,risk_managed_trend-f5789710d02b9f53,risk_managed_trend,27.08090962,False,0.01348766040727356,0.6726008422643244,-0.029111956054076682,CANDIDATE_EVALUATED
risk_managed_trend-0526e4beb881ec4e-20260911T192912209929Z-739acca6,risk_managed_trend-0526e4beb881ec4e,risk_managed_trend,27.00218919,False,0.014412402810032532,0.7390081081432859,-0.026675338017643435,CANDIDATE_EVALUATED
risk_managed_trend-0526e4beb881ec4e-20260911T193945184622Z-2d11731b,risk_managed_trend-0526e4beb881ec4e,risk_managed_trend,27.00218919,False,0.014412402810032532,0.7390081081432859,-0.026675338017643435,CANDIDATE_EVALUATED
risk_managed_trend-2e52d6d5fa6133fe-20260911T192933987996Z-0ede9ab1,risk_managed_trend-2e52d6d5fa6133fe,risk_managed_trend,26.92565454,False,0.021592081180457745,0.8175667488733662,-0.03422596740420547,CANDIDATE_EVALUATED
risk_managed_trend-2e52d6d5fa6133fe-20260911T194006528520Z-e7789837,risk_managed_trend-2e52d6d5fa6133fe,risk_managed_trend,26.92565454,False,0.021592081180457745,0.8175667488733662,-0.03422596740420547,CANDIDATE_EVALUATED
risk_managed_trend-5ff842c42dad2812-20260911T192936179014Z-11795a75,risk_managed_trend-5ff842c42dad2812,risk_managed_trend,26.78150018,False,0.020792926379467724,0.7770741716238581,-0.03451780692020445,CANDIDATE_EVALUATED
risk_managed_trend-5ff842c42dad2812-20260911T194008669444Z-e2b59f83,risk_managed_trend-5ff842c42dad2812,risk_managed_trend,26.78150018,False,0.020792926379467724,0.7770741716238581,-0.03451780692020445,CANDIDATE_EVALUATED
momentum-8be2e891bcbf55a5-20260911T192631548445Z-ba4fc64a,momentum-8be2e891bcbf55a5,momentum,26.76675571,False,0.022021982161658737,0.5006464690198918,-0.0728955124497569,CANDIDATE_EVALUATED
momentum-8be2e891bcbf55a5-20260911T193734642097Z-af20a7ed,momentum-8be2e891bcbf55a5,momentum,26.76675571,False,0.022021982161658737,0.5006464690198918,-0.0728955124497569,CANDIDATE_EVALUATED
risk_managed_trend-445688558e40d9cd-20260911T192836762520Z-b507d292,risk_managed_trend-445688558e40d9cd,risk_managed_trend,26.7560724,False,0.012081689504004345,0.7046429405996856,-0.02527876747339841,CANDIDATE_EVALUATED
risk_managed_trend-445688558e40d9cd-20260911T193914825871Z-0d227ebd,risk_managed_trend-445688558e40d9cd,risk_managed_trend,26.7560724,False,0.012081689504004345,0.7046429405996856,-0.02527876747339841,CANDIDATE_EVALUATED
risk_managed_trend-4e0e65e542b1da22-20260911T192851656163Z-e315d4b2,risk_managed_trend-4e0e65e542b1da22,risk_managed_trend,26.69078435,False,0.0147355933868758,0.7489342654838793,-0.026675338017643435,CANDIDATE_EVALUATED
risk_managed_trend-4e0e65e542b1da22-20260911T193927578275Z-9f77b82d,risk_managed_trend-4e0e65e542b1da22,risk_managed_trend,26.69078435,False,0.0147355933868758,0.7489342654838793,-0.026675338017643435,CANDIDATE_EVALUATED
risk_managed_trend-52867be6fd835f73-20260911T192853744230Z-3d3219ba,risk_managed_trend-52867be6fd835f73,risk_managed_trend,26.30580524,False,0.014031102658462968,0.7198499512078649,-0.026675338017643435,CANDIDATE_EVALUATED
risk_managed_trend-52867be6fd835f73-20260911T193929256793Z-23937bbd,risk_managed_trend-52867be6fd835f73,risk_managed_trend,26.30580524,False,0.014031102658462968,0.7198499512078649,-0.026675338017643435,CANDIDATE_EVALUATED
risk_managed_trend-e6fccbba35350d76-20260911T192915939129Z-d0035c29,risk_managed_trend-e6fccbba35350d76,risk_managed_trend,26.06793358,False,0.01290468157343816,0.6464096467744062,-0.028457518239585533,CANDIDATE_EVALUATED
risk_managed_trend-e6fccbba35350d76-20260911T193949558621Z-8496c97c,risk_managed_trend-e6fccbba35350d76,risk_managed_trend,26.06793358,False,0.01290468157343816,0.6464096467744062,-0.028457518239585533,CANDIDATE_EVALUATED
risk_managed_trend-933bdb8ba48468de-20260911T192857899519Z-6d133174,risk_managed_trend-933bdb8ba48468de,risk_managed_trend,25.56113545,False,0.01223805116642418,0.6302748293808852,-0.02800732865348088,CANDIDATE_EVALUATED
risk_managed_trend-933bdb8ba48468de-20260911T193932613051Z-6f54a797,risk_managed_trend-933bdb8ba48468de,risk_managed_trend,25.56113545,False,0.01223805116642418,0.6302748293808852,-0.02800732865348088,CANDIDATE_EVALUATED
risk_managed_trend-5ea9aa2abfcb5faf-20260911T192832657202Z-ca5f8884,risk_managed_trend-5ea9aa2abfcb5faf,risk_managed_trend,25.22491163,False,0.013359200299114082,0.723767728438578,-0.02465598135485403,CANDIDATE_EVALUATED
risk_managed_trend-5ea9aa2abfcb5faf-20260911T193911091855Z-5915f813,risk_managed_trend-5ea9aa2abfcb5faf,risk_managed_trend,25.22491163,False,0.013359200299114082,0.723767728438578,-0.02465598135485403,CANDIDATE_EVALUATED
momentum-656194c46bcd791f-20260911T192636058756Z-b9761d02,momentum-656194c46bcd791f,momentum,25.14257827,False,0.03592072615344577,0.4787061600405268,-0.12780209711534363,CANDIDATE_EVALUATED
momentum-656194c46bcd791f-20260911T193738385909Z-ad23fc09,momentum-656194c46bcd791f,momentum,25.14257827,False,0.03592072615344577,0.4787061600405268,-0.12780209711534363,CANDIDATE_EVALUATED
risk_managed_trend-2db0ff688cb40dae-20260911T192918097751Z-8379c102,risk_managed_trend-2db0ff688cb40dae,risk_managed_trend,25.13460417,False,0.012073650159024618,0.6264587625499799,-0.027429940826910748,CANDIDATE_EVALUATED
risk_managed_trend-2db0ff688cb40dae-20260911T193951768234Z-c245b54c,risk_managed_trend-2db0ff688cb40dae,risk_managed_trend,25.13460417,False,0.012073650159024618,0.6264587625499799,-0.027429940826910748,CANDIDATE_EVALUATED
risk_managed_trend-116cb65044923a36-20260911T192956046857Z-a3da6ce7,risk_managed_trend-116cb65044923a36,risk_managed_trend,25.13068145,False,0.02030580403086013,0.6818456493003228,-0.04124232098352765,CANDIDATE_EVALUATED
risk_managed_trend-116cb65044923a36-20260911T194027553735Z-33239cdc,risk_managed_trend-116cb65044923a36,risk_managed_trend,25.13068145,False,0.02030580403086013,0.6818456493003228,-0.04124232098352765,CANDIDATE_EVALUATED
risk_managed_trend-1045710151a9f543-20260911T192834697221Z-db950563,risk_managed_trend-1045710151a9f543,risk_managed_trend,24.52455154,False,0.013222219646323419,0.6996137801315898,-0.026675338017643435,CANDIDATE_EVALUATED
risk_managed_trend-1045710151a9f543-20260911T193912958013Z-d6905607,risk_managed_trend-1045710151a9f543,risk_managed_trend,24.52455154,False,0.013222219646323419,0.6996137801315898,-0.026675338017643435,CANDIDATE_EVALUATED
risk_managed_trend-a6e4cb99d5e2a352-20260911T192859948728Z-135d9df2,risk_managed_trend-a6e4cb99d5e2a352,risk_managed_trend,24.45243242,False,0.011597811252633816,0.6026834946400917,-0.02747156172964227,CANDIDATE_EVALUATED
risk_managed_trend-a6e4cb99d5e2a352-20260911T193934216813Z-97ca4cb4,risk_managed_trend-a6e4cb99d5e2a352,risk_managed_trend,24.45243242,False,0.011597811252633816,0.6026834946400917,-0.02747156172964227,CANDIDATE_EVALUATED
risk_managed_trend-77e7d406eba1c30f-20260911T192838901291Z-2232ba20,risk_managed_trend-77e7d406eba1c30f,risk_managed_trend,24.4163916,False,0.010885881819123533,0.5989916976482516,-0.026364474830260165,CANDIDATE_EVALUATED
risk_managed_trend-77e7d406eba1c30f-20260911T193916719148Z-3c3e7cd9,risk_managed_trend-77e7d406eba1c30f,risk_managed_trend,24.4163916,False,0.010885881819123533,0.5989916976482516,-0.026364474830260165,CANDIDATE_EVALUATED
risk_managed_trend-382e93b618150fcb-20260911T192841004739Z-0ea55c1d,risk_managed_trend-382e93b618150fcb,risk_managed_trend,23.66279758,False,0.010763688333963461,0.5775648086134668,-0.02712813387826707,CANDIDATE_EVALUATED
risk_managed_trend-382e93b618150fcb-20260911T193918435347Z-db52d653,risk_managed_trend-382e93b618150fcb,risk_managed_trend,23.66279758,False,0.010763688333963461,0.5775648086134668,-0.02712813387826707,CANDIDATE_EVALUATED
risk_managed_trend-2bc5218d1051fc03-20260911T192958008979Z-873aeea4,risk_managed_trend-2bc5218d1051fc03,risk_managed_trend,22.25950458,False,0.01813075140122944,0.5998476031792688,-0.04469123123276586,CANDIDATE_EVALUATED
risk_managed_trend-2bc5218d1051fc03-20260911T194029906445Z-3c335466,risk_managed_trend-2bc5218d1051fc03,risk_managed_trend,22.25950458,False,0.01813075140122944,0.5998476031792688,-0.04469123123276586,CANDIDATE_EVALUATED
risk_managed_trend-a2054342dc1ec90a-20260911T192938366489Z-f1ab85d9,risk_managed_trend-a2054342dc1ec90a,risk_managed_trend,22.18266305,False,0.01716609750410414,0.6410357583294364,-0.03707796980711986,CANDIDATE_EVALUATED
risk_managed_trend-a2054342dc1ec90a-20260911T194010815516Z-ea4aae08,risk_managed_trend-a2054342dc1ec90a,risk_managed_trend,22.18266305,False,0.01716609750410414,0.6410357583294364,-0.03707796980711986,CANDIDATE_EVALUATED
trend_momentum-91bc6181487cbcb2-20260911T192652830874Z-93da3c33,trend_momentum-91bc6181487cbcb2,trend_momentum,20.37810034,False,0.0077825641500886,0.5175384044868907,-0.02161980856185164,CANDIDATE_EVALUATED
trend_momentum-91bc6181487cbcb2-20260911T193752981762Z-3ee88a19,trend_momentum-91bc6181487cbcb2,trend_momentum,20.37810034,False,0.0077825641500886,0.5175384044868907,-0.02161980856185164,CANDIDATE_EVALUATED
trend_momentum-47dcc7cc71fe5848-20260911T192713476082Z-0b039aed,trend_momentum-47dcc7cc71fe5848,trend_momentum,18.52903372,False,0.006915793256798031,0.4538570183925742,-0.022501480595927714,CANDIDATE_EVALUATED
trend_momentum-47dcc7cc71fe5848-20260911T193809675739Z-c413563d,trend_momentum-47dcc7cc71fe5848,trend_momentum,18.52903372,False,0.006915793256798031,0.4538570183925742,-0.022501480595927714,CANDIDATE_EVALUATED
trend_momentum-fceaafad2a97743e-20260911T192749543001Z-66595453,trend_momentum-fceaafad2a97743e,trend_momentum,18.18202711,False,0.015040767790684528,0.5111190902333282,-0.04258336888416414,CANDIDATE_EVALUATED
trend_momentum-fceaafad2a97743e-20260911T193837899056Z-d69962b7,trend_momentum-fceaafad2a97743e,trend_momentum,18.18202711,False,0.015040767790684528,0.5111190902333282,-0.04258336888416414,CANDIDATE_EVALUATED
trend_momentum-1eef1a986461f27e-20260911T192654728002Z-fa40921f,trend_momentum-1eef1a986461f27e,trend_momentum,17.84899146,False,0.006514388186515951,0.4270565693405802,-0.02193195627464306,CANDIDATE_EVALUATED
trend_momentum-1eef1a986461f27e-20260911T193754752800Z-28ad29c1,trend_momentum-1eef1a986461f27e,trend_momentum,17.84899146,False,0.006514388186515951,0.4270565693405802,-0.02193195627464306,CANDIDATE_EVALUATED
trend_momentum-32e15f5c037d0104-20260911T192810834843Z-aab53b53,trend_momentum-32e15f5c037d0104,trend_momentum,16.78823489,False,0.013486915395569898,0.4530615537241458,-0.04407327933129623,CANDIDATE_EVALUATED
trend_momentum-32e15f5c037d0104-20260911T193854277344Z-2eac10e4,trend_momentum-32e15f5c037d0104,trend_momentum,16.78823489,False,0.013486915395569898,0.4530615537241458,-0.04407327933129623,CANDIDATE_EVALUATED
trend_momentum-df544c505a740c8e-20260911T192751871992Z-81bacfae,trend_momentum-df544c505a740c8e,trend_momentum,15.98507224,False,0.012637070024923869,0.42492453962622045,-0.04277417820841012,CANDIDATE_EVALUATED
trend_momentum-df544c505a740c8e-20260911T193839545145Z-d20a94fd,trend_momentum-df544c505a740c8e,trend_momentum,15.98507224,False,0.012637070024923869,0.42492453962622045,-0.04277417820841012,CANDIDATE_EVALUATED
trend_momentum-5cdf3f99770025dc-20260911T192711285909Z-0d65789d,trend_momentum-5cdf3f99770025dc,trend_momentum,12.82719818,False,0.00550979627693482,0.37567407637375577,-0.020308622278156774,CANDIDATE_EVALUATED
trend_momentum-5cdf3f99770025dc-20260911T193808042139Z-23d62bcd,trend_momentum-5cdf3f99770025dc,trend_momentum,12.82719818,False,0.00550979627693482,0.37567407637375577,-0.020308622278156774,CANDIDATE_EVALUATED
trend_momentum-f07c1224b2839a4c-20260911T192732622758Z-26ff9b51,trend_momentum-f07c1224b2839a4c,trend_momentum,12.51224783,False,0.004673468822975924,0.3116289573306701,-0.025432154888583525,CANDIDATE_EVALUATED
trend_momentum-f07c1224b2839a4c-20260911T193824558605Z-162617a8,trend_momentum-f07c1224b2839a4c,trend_momentum,12.51224783,False,0.004673468822975924,0.3116289573306701,-0.025432154888583525,CANDIDATE_EVALUATED
risk_managed_trend-64a9deac0b982c6d-20260911T192920682766Z-8ad2f926,risk_managed_trend-64a9deac0b982c6d,risk_managed_trend,11.92583129,False,0.012361037152691656,0.4563663974404684,-0.06305303663434281,CANDIDATE_EVALUATED
risk_managed_trend-64a9deac0b982c6d-20260911T193953858837Z-0379f523,risk_managed_trend-64a9deac0b982c6d,risk_managed_trend,11.92583129,False,0.012361037152691656,0.4563663974404684,-0.06305303663434281,CANDIDATE_EVALUATED
risk_managed_trend-0402418febd7572b-20260911T192923099273Z-ebb69f65,risk_managed_trend-0402418febd7572b,risk_managed_trend,11.82876799,False,0.010938461867705973,0.40169048091888154,-0.06120026173934745,CANDIDATE_EVALUATED
risk_managed_trend-0402418febd7572b-20260911T193955948604Z-6b01e6f7,risk_managed_trend-0402418febd7572b,risk_managed_trend,11.82876799,False,0.010938461867705973,0.40169048091888154,-0.06120026173934745,CANDIDATE_EVALUATED
trend_momentum-e354f1f2f4e9d207-20260911T192808743102Z-ae542ff1,trend_momentum-e354f1f2f4e9d207,trend_momentum,11.46873802,False,0.010577148677918702,0.37018848670518373,-0.04010246044021537,CANDIDATE_EVALUATED
trend_momentum-e354f1f2f4e9d207-20260911T193852665712Z-0cdfcc24,trend_momentum-e354f1f2f4e9d207,trend_momentum,11.46873802,False,0.010577148677918702,0.37018848670518373,-0.04010246044021537,CANDIDATE_EVALUATED
risk_managed_trend-c8fd3a9419cc853f-20260911T192940556403Z-bd2ea4b0,risk_managed_trend-c8fd3a9419cc853f,risk_managed_trend,10.57645495,False,0.011109169269005292,0.3762887631849108,-0.06959684908335895,CANDIDATE_EVALUATED
risk_managed_trend-c8fd3a9419cc853f-20260911T194012850965Z-4281164d,risk_managed_trend-c8fd3a9419cc853f,risk_managed_trend,10.57645495,False,0.011109169269005292,0.3762887631849108,-0.06959684908335895,CANDIDATE_EVALUATED
risk_managed_trend-4787ec6a5bc5b475-20260911T192925245499Z-8c3c35b9,risk_managed_trend-4787ec6a5bc5b475,risk_managed_trend,10.38321757,False,0.00901103353928745,0.33181484471035877,-0.06177216056047463,CANDIDATE_EVALUATED
risk_managed_trend-4787ec6a5bc5b475-20260911T193958023534Z-0fb503d6,risk_managed_trend-4787ec6a5bc5b475,risk_managed_trend,10.38321757,False,0.00901103353928745,0.33181484471035877,-0.06177216056047463,CANDIDATE_EVALUATED
trend-7a5552b51724408f-20260911T192608088329Z-b1d87e1e,trend-7a5552b51724408f,trend,10.37932107,False,0.031014796400083755,0.4573668484911086,-0.11441529346246626,CANDIDATE_EVALUATED
trend-7a5552b51724408f-20260911T193714538640Z-a6e7c8cc,trend-7a5552b51724408f,trend,10.37932107,False,0.031014796400083755,0.4573668484911086,-0.11441529346246626,CANDIDATE_EVALUATED
trend_momentum-aa5ef2f29f4e16fd-20260911T192730584179Z-0eda67a6,trend_momentum-aa5ef2f29f4e16fd,trend_momentum,10.31951816,False,0.004832006314960058,0.3343242564130476,-0.019354299810182107,CANDIDATE_EVALUATED
trend_momentum-aa5ef2f29f4e16fd-20260911T193822873598Z-dbcb38e4,trend_momentum-aa5ef2f29f4e16fd,trend_momentum,10.31951816,False,0.004832006314960058,0.3343242564130476,-0.019354299810182107,CANDIDATE_EVALUATED
trend_momentum-aa2af89db622c987-20260911T192747385114Z-99d4d314,trend_momentum-aa2af89db622c987,trend_momentum,9.24032907,False,0.009544900989897354,0.33933821638110717,-0.06284994050857085,CANDIDATE_EVALUATED
trend_momentum-aa2af89db622c987-20260911T193836237186Z-657e57c8,trend_momentum-aa2af89db622c987,trend_momentum,9.24032907,False,0.009544900989897354,0.33933821638110717,-0.06284994050857085,CANDIDATE_EVALUATED
trend-07f35266baab9097-20260911T192549008503Z-42a73197,trend-07f35266baab9097,trend,8.97269254,False,0.017095107996801806,0.476403305893678,-0.05861708317553094,CANDIDATE_EVALUATED
trend-07f35266baab9097-20260911T193658824638Z-4e6f9350,trend-07f35266baab9097,trend,8.97269254,False,0.017095107996801806,0.476403305893678,-0.05861708317553094,CANDIDATE_EVALUATED
trend_momentum-4eeb7042790ca7be-20260911T192650708711Z-8529d498,trend_momentum-4eeb7042790ca7be,trend_momentum,8.94718412,False,0.005075447799192556,0.35027244076282493,-0.03159029912784317,CANDIDATE_EVALUATED
trend_momentum-4eeb7042790ca7be-20260911T193751335796Z-2acfff70,trend_momentum-4eeb7042790ca7be,trend_momentum,8.94718412,False,0.005075447799192556,0.35027244076282493,-0.03159029912784317,CANDIDATE_EVALUATED
trend-3b9a3e2960b025dc-20260911T192530192064Z-ad045c41,trend-3b9a3e2960b025dc,trend,8.12225262,False,0.008962996043854865,0.4863232871538439,-0.02963808907896237,CANDIDATE_EVALUATED
trend-3b9a3e2960b025dc-20260911T193643802828Z-a0edf970,trend-3b9a3e2960b025dc,trend,8.12225262,False,0.008962996043854865,0.4863232871538439,-0.02963808907896237,CANDIDATE_EVALUATED
trend_momentum-f82b7b34f3349716-20260911T192806633560Z-901a541a,trend_momentum-f82b7b34f3349716,trend_momentum,7.45817793,False,0.007713686654535312,0.2773273820396702,-0.06676765055764,CANDIDATE_EVALUATED
trend_momentum-f82b7b34f3349716-20260911T193851048699Z-778cfe31,trend_momentum-f82b7b34f3349716,trend_momentum,7.45817793,False,0.007713686654535312,0.2773273820396702,-0.06676765055764,CANDIDATE_EVALUATED
trend_momentum-5adba1a5078f75bf-20260911T192728434566Z-3c4d3cff,trend_momentum-5adba1a5078f75bf,trend_momentum,7.38694119,False,0.0034959081513785684,0.24750257591216526,-0.02879047937812962,CANDIDATE_EVALUATED
trend_momentum-5adba1a5078f75bf-20260911T193821197639Z-053fb9f3,trend_momentum-5adba1a5078f75bf,trend_momentum,7.38694119,False,0.0034959081513785684,0.24750257591216526,-0.02879047937812962,CANDIDATE_EVALUATED
trend_momentum-f0e7fded129f29c2-20260911T192709129929Z-403a6444,trend_momentum-f0e7fded129f29c2,trend_momentum,7.34060497,False,0.004185019372935805,0.29100118944306796,-0.03346314555743013,CANDIDATE_EVALUATED
trend_momentum-f0e7fded129f29c2-20260911T193806383000Z-74ec317c,trend_momentum-f0e7fded129f29c2,trend_momentum,7.34060497,False,0.004185019372935805,0.29100118944306796,-0.03346314555743013,CANDIDATE_EVALUATED
risk_managed_trend-893e4916f792b2b8-20260911T192942697016Z-cb5d5193,risk_managed_trend-893e4916f792b2b8,risk_managed_trend,6.8825972,False,0.008456327258762775,0.2854366226600715,-0.0697471679040873,CANDIDATE_EVALUATED
risk_managed_trend-893e4916f792b2b8-20260911T194014946618Z-e65073a0,risk_managed_trend-893e4916f792b2b8,risk_managed_trend,6.8825972,False,0.008456327258762775,0.2854366226600715,-0.0697471679040873,CANDIDATE_EVALUATED
risk_managed_trend-b0cee435d5baf952-20260911T193000326332Z-c08b3a02,risk_managed_trend-b0cee435d5baf952,risk_managed_trend,6.54056474,False,0.009842434641927023,0.31493142501520155,-0.07537363696658439,CANDIDATE_EVALUATED
risk_managed_trend-b0cee435d5baf952-20260911T194032050263Z-59593ac6,risk_managed_trend-b0cee435d5baf952,risk_managed_trend,6.54056474,False,0.009842434641927023,0.31493142501520155,-0.07537363696658439,CANDIDATE_EVALUATED
trend-ae78ab623021b3c3-20260911T192610229963Z-493a4765,trend-ae78ab623021b3c3,trend,5.79493495,False,0.020776071502888183,0.31830552842889404,-0.1383007502982222,CANDIDATE_EVALUATED
trend-ae78ab623021b3c3-20260911T193716294306Z-25eadfe6,trend-ae78ab623021b3c3,trend,5.79493495,False,0.020776071502888183,0.31830552842889404,-0.1383007502982222,CANDIDATE_EVALUATED
risk_managed_trend-314a05574138708e-20260911T192945029833Z-7d706ecc,risk_managed_trend-314a05574138708e,risk_managed_trend,5.62060309,False,0.00731859811209401,0.2477575638952871,-0.06950552780752439,CANDIDATE_EVALUATED
risk_managed_trend-314a05574138708e-20260911T194017104110Z-ea12131c,risk_managed_trend-314a05574138708e,risk_managed_trend,5.62060309,False,0.00731859811209401,0.2477575638952871,-0.06950552780752439,CANDIDATE_EVALUATED
trend-c7473b1efeb67913-20260911T192614481823Z-49a8f1d3,trend-c7473b1efeb67913,trend,4.93934647,False,0.018568410345370934,0.2946890513004782,-0.14876448639872175,CANDIDATE_EVALUATED
trend-c7473b1efeb67913-20260911T193719918435Z-d1014884,trend-c7473b1efeb67913,trend,4.93934647,False,0.018568410345370934,0.2946890513004782,-0.14876448639872175,CANDIDATE_EVALUATED
trend-170a1299d64dc6d0-20260911T192551149280Z-fcb95b3c,trend-170a1299d64dc6d0,trend,4.82729098,False,0.01160839476247233,0.32884228702962454,-0.07137624325368164,CANDIDATE_EVALUATED
trend-170a1299d64dc6d0-20260911T193700512727Z-116fc30f,trend-170a1299d64dc6d0,trend,4.82729098,False,0.01160839476247233,0.32884228702962454,-0.07137624325368164,CANDIDATE_EVALUATED
trend-560e2f42ee421895-20260911T192620719622Z-d2f3cf15,trend-560e2f42ee421895,trend,4.74817103,False,0.01798181200931226,0.2877797903445243,-0.1431001804729185,CANDIDATE_EVALUATED
trend-560e2f42ee421895-20260911T193725572700Z-2ae2cc20,trend-560e2f42ee421895,trend,4.74817103,False,0.01798181200931226,0.2877797903445243,-0.1431001804729185,CANDIDATE_EVALUATED
trend-814af817de3e6f35-20260911T192555206389Z-8ad9f6af,trend-814af817de3e6f35,trend,4.27286532,False,0.010707486432631086,0.3127088081056611,-0.07790579850241153,CANDIDATE_EVALUATED
trend-814af817de3e6f35-20260911T193703837302Z-73cbc2b5,trend-814af817de3e6f35,trend,4.27286532,False,0.010707486432631086,0.3127088081056611,-0.07790579850241153,CANDIDATE_EVALUATED
trend-f3ce71d32feb4839-20260911T192532351257Z-72d37226,trend-f3ce71d32feb4839,trend,4.22584818,False,0.006122624865843029,0.3342269113561615,-0.036228066284687555,CANDIDATE_EVALUATED
trend-f3ce71d32feb4839-20260911T193645491099Z-b5d4dfbe,trend-f3ce71d32feb4839,trend,4.22584818,False,0.006122624865843029,0.3342269113561615,-0.036228066284687555,CANDIDATE_EVALUATED
trend-2921f9e99160f3a6-20260911T192601541991Z-06d20796,trend-2921f9e99160f3a6,trend,4.09224097,False,0.010333275850120227,0.30454377871456717,-0.0745044751472207,CANDIDATE_EVALUATED
trend-2921f9e99160f3a6-20260911T193708824160Z-b9c37502,trend-2921f9e99160f3a6,trend,4.09224097,False,0.010333275850120227,0.30454377871456717,-0.0745044751472207,CANDIDATE_EVALUATED
risk_managed_trend-2fcffec61a54fef7-20260911T192904538005Z-4ca9b4e1,risk_managed_trend-2fcffec61a54fef7,risk_managed_trend,3.99839005,False,0.005282254328255576,0.28542892202654885,-0.039656709576191385,CANDIDATE_EVALUATED
risk_managed_trend-2fcffec61a54fef7-20260911T193937470871Z-1bfcede2,risk_managed_trend-2fcffec61a54fef7,risk_managed_trend,3.99839005,False,0.005282254328255576,0.28542892202654885,-0.039656709576191385,CANDIDATE_EVALUATED
risk_managed_trend-f7a2b505bfc8a571-20260911T193002402879Z-4f758b53,risk_managed_trend-f7a2b505bfc8a571,risk_managed_trend,3.92459995,False,0.00807423967792431,0.25712462522218466,-0.07534680490994672,CANDIDATE_EVALUATED
risk_managed_trend-f7a2b505bfc8a571-20260911T194034032465Z-d3a6d905,risk_managed_trend-f7a2b505bfc8a571,risk_managed_trend,3.92459995,False,0.00807423967792431,0.25712462522218466,-0.07534680490994672,CANDIDATE_EVALUATED
trend-ad47c1797ec35bd0-20260911T192546933169Z-4fb0b091,trend-ad47c1797ec35bd0,trend,3.90833432,False,0.010312749196433879,0.30149284954969335,-0.08730850952356584,CANDIDATE_EVALUATED
trend-ad47c1797ec35bd0-20260911T193657164247Z-786ff6e8,trend-ad47c1797ec35bd0,trend,3.90833432,False,0.010312749196433879,0.30149284954969335,-0.08730850952356584,CANDIDATE_EVALUATED
trend-4f5e906fa66ffd82-20260911T192536566886Z-04871baf,trend-4f5e906fa66ffd82,trend,3.81424934,False,0.005735930512717147,0.32252527391744346,-0.039889743468926375,CANDIDATE_EVALUATED
trend-4f5e906fa66ffd82-20260911T193648813691Z-48c282bb,trend-4f5e906fa66ffd82,trend,3.81424934,False,0.005735930512717147,0.32252527391744346,-0.039889743468926375,CANDIDATE_EVALUATED
risk_managed_trend-0dc5fd8e9f17b21b-20260911T151548867625Z-2199bd86,risk_managed_trend-0dc5fd8e9f17b21b,risk_managed_trend,3.69045744,False,0.005521602036221429,0.3191613650369698,-0.03942080440162177,CANDIDATE_EVALUATED
risk_managed_trend-0dc5fd8e9f17b21b-20260911T192824026533Z-ba45a7c6,risk_managed_trend-0dc5fd8e9f17b21b,risk_managed_trend,3.69045744,False,0.005521602036221429,0.3191613650369698,-0.03942080440162177,CANDIDATE_EVALUATED
risk_managed_trend-0dc5fd8e9f17b21b-20260911T193904196952Z-ea4667c5,risk_managed_trend-0dc5fd8e9f17b21b,risk_managed_trend,3.69045744,False,0.005521602036221429,0.3191613650369698,-0.03942080440162177,CANDIDATE_EVALUATED
trend-304619db379d618a-20260911T192542723949Z-b3224217,trend-304619db379d618a,trend,3.64685016,False,0.005525445252272165,0.3137154764428004,-0.038020059749159674,CANDIDATE_EVALUATED
trend-304619db379d618a-20260911T193653709544Z-9ee7237d,trend-304619db379d618a,trend,3.64685016,False,0.005525445252272165,0.3137154764428004,-0.038020059749159674,CANDIDATE_EVALUATED
risk_managed_trend-ae41573bf9b2bebe-20260911T192906644956Z-cf042fff,risk_managed_trend-ae41573bf9b2bebe,risk_managed_trend,3.64564124,False,0.004876005227669067,0.2672337902335108,-0.03963151735797232,CANDIDATE_EVALUATED
risk_managed_trend-ae41573bf9b2bebe-20260911T193939058803Z-b9525eee,risk_managed_trend-ae41573bf9b2bebe,risk_managed_trend,3.64564124,False,0.004876005227669067,0.2672337902335108,-0.03963151735797232,CANDIDATE_EVALUATED
trend-d16887bc72d56313-20260911T192553092234Z-fabf9346,trend-d16887bc72d56313,trend,3.55831746,False,0.009770919187478855,0.2889846059886572,-0.09033596158028578,CANDIDATE_EVALUATED
trend-d16887bc72d56313-20260911T193702187381Z-e3dc862e,trend-d16887bc72d56313,trend,3.55831746,False,0.009770919187478855,0.2889846059886572,-0.09033596158028578,CANDIDATE_EVALUATED
momentum-839cda8e05202a1d-20260911T192633032121Z-7437775b,momentum-839cda8e05202a1d,momentum,3.51392866,False,0.018007183625736944,0.2742215448726282,-0.16568119346204824,CANDIDATE_EVALUATED
momentum-839cda8e05202a1d-20260911T193735942997Z-ff85015b,momentum-839cda8e05202a1d,momentum,3.51392866,False,0.018007183625736944,0.2742215448726282,-0.16568119346204824,CANDIDATE_EVALUATED
trend-a99a1e46cabcb494-20260911T151544559735Z-c2b1ad59,trend-a99a1e46cabcb494,trend,3.47416115,False,0.005532726418425948,0.31093474367724266,-0.04428543938475049,CANDIDATE_EVALUATED
trend-a99a1e46cabcb494-20260911T192528159280Z-5b31319a,trend-a99a1e46cabcb494,trend,3.47416115,False,0.005532726418425948,0.31093474367724266,-0.04428543938475049,CANDIDATE_EVALUATED
trend-a99a1e46cabcb494-20260911T193642115508Z-4a85af1c,trend-a99a1e46cabcb494,trend,3.47416115,False,0.005532726418425948,0.31093474367724266,-0.04428543938475049,CANDIDATE_EVALUATED
trend-551c9782520fbf6e-20260911T192605942217Z-1bcbcfba,trend-551c9782520fbf6e,trend,3.43720795,False,0.017801956608928027,0.2839895596484901,-0.16909289070618394,CANDIDATE_EVALUATED
trend-551c9782520fbf6e-20260911T193712599284Z-93cb756d,trend-551c9782520fbf6e,trend,3.43720795,False,0.017801956608928027,0.2839895596484901,-0.16909289070618394,CANDIDATE_EVALUATED
momentum-d164607a8211fa7b-20260911T192628538080Z-7df24301,momentum-d164607a8211fa7b,momentum,3.36575968,False,0.00985968184499364,0.2745233433488311,-0.08608491962911513,CANDIDATE_EVALUATED
momentum-d164607a8211fa7b-20260911T193732193538Z-927e5a1c,momentum-d164607a8211fa7b,momentum,3.36575968,False,0.00985968184499364,0.2745233433488311,-0.08608491962911513,CANDIDATE_EVALUATED
risk_managed_trend-e26a32f6f92a7673-20260911T192902143891Z-d971c800,risk_managed_trend-e26a32f6f92a7673,risk_managed_trend,3.30258604,False,0.005458937549690068,0.2971228870329892,-0.03967921678857145,CANDIDATE_EVALUATED
risk_managed_trend-e26a32f6f92a7673-20260911T193935854514Z-510444a4,risk_managed_trend-e26a32f6f92a7673,risk_managed_trend,3.30258604,False,0.005458937549690068,0.2971228870329892,-0.03967921678857145,CANDIDATE_EVALUATED
trend-9d793a244018be9d-20260911T192534366230Z-e87801ff,trend-9d793a244018be9d,trend,3.19956843,False,0.005284675771464631,0.3005383363579686,-0.04592206638943552,CANDIDATE_EVALUATED
trend-9d793a244018be9d-20260911T193647137171Z-5cc13bf8,trend-9d793a244018be9d,trend,3.19956843,False,0.005284675771464631,0.3005383363579686,-0.04592206638943552,CANDIDATE_EVALUATED
risk_managed_trend-23006c0e85d0055f-20260911T192843105441Z-b3a9f204,risk_managed_trend-23006c0e85d0055f,risk_managed_trend,3.1625983,False,0.00525497733714686,0.29252093204643925,-0.03966872512507791,CANDIDATE_EVALUATED
risk_managed_trend-23006c0e85d0055f-20260911T193920317714Z-27987a65,risk_managed_trend-23006c0e85d0055f,risk_managed_trend,3.1625983,False,0.00525497733714686,0.29252093204643925,-0.03966872512507791,CANDIDATE_EVALUATED
risk_managed_trend-263303d96612ed7d-20260911T192847322167Z-b3a81bda,risk_managed_trend-263303d96612ed7d,risk_managed_trend,3.15022499,False,0.004497993413804968,0.2477394525314877,-0.039608029218070495,CANDIDATE_EVALUATED
risk_managed_trend-263303d96612ed7d-20260911T193923917042Z-6c681636,risk_managed_trend-263303d96612ed7d,risk_managed_trend,3.15022499,False,0.004497993413804968,0.2477394525314877,-0.039608029218070495,CANDIDATE_EVALUATED
risk_managed_trend-16d64e49956fa2c1-20260911T192845215163Z-5bb8e8cf,risk_managed_trend-16d64e49956fa2c1,risk_managed_trend,2.98419671,False,0.0050349455886100625,0.27656568649047375,-0.03964181009671741,CANDIDATE_EVALUATED
risk_managed_trend-16d64e49956fa2c1-20260911T193922128878Z-da0c71a3,risk_managed_trend-16d64e49956fa2c1,risk_managed_trend,2.98419671,False,0.0050349455886100625,0.27656568649047375,-0.03964181009671741,CANDIDATE_EVALUATED
trend_momentum-6682be9bf6b1b9ad-20260911T192738927474Z-42cc1036,trend_momentum-6682be9bf6b1b9ad,trend_momentum,2.91914491,False,0.008421379622573388,0.25627178236148906,-0.06605432676155687,CANDIDATE_EVALUATED
trend_momentum-6682be9bf6b1b9ad-20260911T193829599914Z-3efd6bd5,trend_momentum-6682be9bf6b1b9ad,trend_momentum,2.91914491,False,0.008421379622573388,0.25627178236148906,-0.06605432676155687,CANDIDATE_EVALUATED
trend-8fc1a2d66f6f4d0d-20260911T192616556524Z-b33a5eff,trend-8fc1a2d66f6f4d0d,trend,2.86972007,False,0.014017255440087695,0.22972659169108522,-0.15237298634765928,CANDIDATE_EVALUATED
trend-8fc1a2d66f6f4d0d-20260911T193721989300Z-3307a33f,trend-8fc1a2d66f6f4d0d,trend,2.86972007,False,0.014017255440087695,0.22972659169108522,-0.15237298634765928,CANDIDATE_EVALUATED
risk_managed_trend-8ad69fe055b0a3b0-20260911T193004593922Z-b089e3b2,risk_managed_trend-8ad69fe055b0a3b0,risk_managed_trend,2.81096061,False,0.00693515041750703,0.22088130001328585,-0.07356482976506218,CANDIDATE_EVALUATED
risk_managed_trend-8ad69fe055b0a3b0-20260911T194036083954Z-4bf8be16,risk_managed_trend-8ad69fe055b0a3b0,risk_managed_trend,2.81096061,False,0.00693515041750703,0.22088130001328585,-0.07356482976506218,CANDIDATE_EVALUATED
momentum-0989605e3d57ad58-20260911T151545630861Z-686d2adf,momentum-0989605e3d57ad58,momentum,2.74739181,False,0.005145832037847908,0.2741258649071815,-0.043878384350652166,CANDIDATE_EVALUATED
momentum-0989605e3d57ad58-20260911T192624269108Z-43ebfaf9,momentum-0989605e3d57ad58,momentum,2.74739181,False,0.005145832037847908,0.2741258649071815,-0.043878384350652166,CANDIDATE_EVALUATED
momentum-0989605e3d57ad58-20260911T193728485554Z-539484c3,momentum-0989605e3d57ad58,momentum,2.74739181,False,0.005145832037847908,0.2741258649071815,-0.043878384350652166,CANDIDATE_EVALUATED
trend-d700af0b2975aacf-20260911T192612306885Z-79dc1398,trend-d700af0b2975aacf,trend,2.66940053,False,0.016619814140698796,0.2687376231005774,-0.17412017883368547,CANDIDATE_EVALUATED
trend-d700af0b2975aacf-20260911T193718203416Z-f88c600d,trend-d700af0b2975aacf,trend,2.66940053,False,0.016619814140698796,0.2687376231005774,-0.17412017883368547,CANDIDATE_EVALUATED
trend_momentum-59d127d69cedccd4-20260911T192736916380Z-28d3833a,trend_momentum-59d127d69cedccd4,trend_momentum,2.62528339,False,0.007680089542906776,0.24250002001749746,-0.05884647074759086,CANDIDATE_EVALUATED
trend_momentum-59d127d69cedccd4-20260911T193827974070Z-e8794afe,trend_momentum-59d127d69cedccd4,trend_momentum,2.62528339,False,0.007680089542906776,0.24250002001749746,-0.05884647074759086,CANDIDATE_EVALUATED
trend-8d533a869e27dc24-20260911T192557424673Z-8da783b2,trend-8d533a869e27dc24,trend,2.53978588,False,0.008276938420006541,0.24347072488017954,-0.0803307444401572,CANDIDATE_EVALUATED
trend-8d533a869e27dc24-20260911T193705563826Z-52660b2c,trend-8d533a869e27dc24,trend,2.53978588,False,0.008276938420006541,0.24347072488017954,-0.0803307444401572,CANDIDATE_EVALUATED
trend_momentum-e439396ac87e31f1-20260911T192642379756Z-cbd90b8e,trend_momentum-e439396ac87e31f1,trend_momentum,2.47251751,False,0.004455841844491548,0.25926012063015025,-0.033552491314141175,CANDIDATE_EVALUATED
trend_momentum-e439396ac87e31f1-20260911T193743890519Z-dc8efac4,trend_momentum-e439396ac87e31f1,trend_momentum,2.47251751,False,0.004455841844491548,0.25926012063015025,-0.033552491314141175,CANDIDATE_EVALUATED
trend_momentum-940a848445379942-20260911T192804512790Z-fe30b267,trend_momentum-940a848445379942,trend_momentum,2.41807661,False,0.007363581103093431,0.2424421171971382,-0.0701421206309063,CANDIDATE_EVALUATED
trend_momentum-940a848445379942-20260911T193849378680Z-96a001fb,trend_momentum-940a848445379942,trend_momentum,2.41807661,False,0.007363581103093431,0.2424421171971382,-0.0701421206309063,CANDIDATE_EVALUATED
trend_momentum-957f14e2ed40243c-20260911T192640205652Z-325f08c6,trend_momentum-957f14e2ed40243c,trend_momentum,2.29276663,False,0.004117703641320247,0.24822778035137155,-0.02986673591853084,CANDIDATE_EVALUATED
trend_momentum-957f14e2ed40243c-20260911T193742070779Z-d5045619,trend_momentum-957f14e2ed40243c,trend_momentum,2.29276663,False,0.004117703641320247,0.24822778035137155,-0.02986673591853084,CANDIDATE_EVALUATED
trend-0ae78f4c0dd56f08-20260911T192559395168Z-5d2ffd59,trend-0ae78f4c0dd56f08,trend,2.24267624,False,0.007690595075236173,0.23599843128552894,-0.08672358121079127,CANDIDATE_EVALUATED
trend-0ae78f4c0dd56f08-20260911T193707159923Z-47163504,trend-0ae78f4c0dd56f08,trend,2.24267624,False,0.007690595075236173,0.23599843128552894,-0.08672358121079127,CANDIDATE_EVALUATED
risk_managed_trend-625e64bd495f28f9-20260911T192826166956Z-5f703207,risk_managed_trend-625e64bd495f28f9,risk_managed_trend,2.21436963,False,0.004447035903367702,0.2507465659595952,-0.03932646672657325,CANDIDATE_EVALUATED
risk_managed_trend-625e64bd495f28f9-20260911T193905888869Z-8bd704ca,risk_managed_trend-625e64bd495f28f9,risk_managed_trend,2.21436963,False,0.004447035903367702,0.2507465659595952,-0.03932646672657325,CANDIDATE_EVALUATED
trend-ab18527b1ceecf39-20260911T192538607920Z-541a4f6b,trend-ab18527b1ceecf39,trend,2.18868602,False,0.004476223987565753,0.2507679630353971,-0.04129885981636372,CANDIDATE_EVALUATED
trend-ab18527b1ceecf39-20260911T193650505209Z-4bcd6f2d,trend-ab18527b1ceecf39,trend,2.18868602,False,0.004476223987565753,0.2507679630353971,-0.04129885981636372,CANDIDATE_EVALUATED
trend_momentum-7e32d02c75b8c12c-20260911T192707210585Z-c6b70ddf,trend_momentum-7e32d02c75b8c12c,trend_momentum,2.11044128,False,0.003952875343267825,0.24935250649934468,-0.03594589665218462,CANDIDATE_EVALUATED
trend_momentum-7e32d02c75b8c12c-20260911T193804729056Z-a712170c,trend_momentum-7e32d02c75b8c12c,trend_momentum,2.11044128,False,0.003952875343267825,0.24935250649934468,-0.03594589665218462,CANDIDATE_EVALUATED
trend-eba84dc754529d7d-20260911T192540636767Z-6ca3c05b,trend-eba84dc754529d7d,trend,1.95866359,False,0.004178189005667798,0.24472288716710217,-0.04416703330399696,CANDIDATE_EVALUATED
trend-eba84dc754529d7d-20260911T193652059627Z-d3d26c77,trend-eba84dc754529d7d,trend,1.95866359,False,0.004178189005667798,0.24472288716710217,-0.04416703330399696,CANDIDATE_EVALUATED
trend-3d522428ee984086-20260911T192603792225Z-18f39d45,trend-3d522428ee984086,trend,1.8244604,False,0.007165493867322237,0.2155411023975273,-0.08099948989715644,CANDIDATE_EVALUATED
trend-3d522428ee984086-20260911T193710794408Z-3d88fccc,trend-3d522428ee984086,trend,1.8244604,False,0.007165493867322237,0.2155411023975273,-0.08099948989715644,CANDIDATE_EVALUATED
risk_managed_trend-c59b7496c5c5260b-20260911T192828483947Z-a24b8265,risk_managed_trend-c59b7496c5c5260b,risk_managed_trend,1.77967263,False,0.0040839411980142515,0.23093892191159157,-0.03943724372219515,CANDIDATE_EVALUATED
risk_managed_trend-c59b7496c5c5260b-20260911T193907575994Z-d0182b96,risk_managed_trend-c59b7496c5c5260b,risk_managed_trend,1.77967263,False,0.0040839411980142515,0.23093892191159157,-0.03943724372219515,CANDIDATE_EVALUATED
trend-3ca490ccfdf5b27b-20260911T192618562163Z-5bc63c81,trend-3ca490ccfdf5b27b,trend,1.61495473,False,0.012865776826584518,0.21973233698063566,-0.16697069828408184,CANDIDATE_EVALUATED
trend-3ca490ccfdf5b27b-20260911T193723575377Z-e6593448,trend-3ca490ccfdf5b27b,trend,1.61495473,False,0.012865776826584518,0.21973233698063566,-0.16697069828408184,CANDIDATE_EVALUATED
trend-2c6f23c418dfcc52-20260911T192544798634Z-6794cc42,trend-2c6f23c418dfcc52,trend,1.54937675,False,0.003903967581614376,0.22283385149621576,-0.041383101724945415,CANDIDATE_EVALUATED
trend-2c6f23c418dfcc52-20260911T193655511675Z-46c88805,trend-2c6f23c418dfcc52,trend,1.54937675,False,0.003903967581614376,0.22283385149621576,-0.041383101724945415,CANDIDATE_EVALUATED
trend_momentum-a1b3938a421a3747-20260911T192802443369Z-dcfb9d11,trend_momentum-a1b3938a421a3747,trend_momentum,1.50633964,False,0.006022110964048366,0.20678322894042672,-0.07194960010061224,CANDIDATE_EVALUATED
trend_momentum-a1b3938a421a3747-20260911T193847759113Z-ff3995c1,trend_momentum-a1b3938a421a3747,trend_momentum,1.50633964,False,0.006022110964048366,0.20678322894042672,-0.07194960010061224,CANDIDATE_EVALUATED
trend_momentum-57866df2ad856768-20260911T192745201253Z-776f0a0a,trend_momentum-57866df2ad856768,trend_momentum,1.44127146,False,0.006096031204679608,0.20330474185498842,-0.07396726977130608,CANDIDATE_EVALUATED
trend_momentum-57866df2ad856768-20260911T193834566278Z-a18d7bd3,trend_momentum-57866df2ad856768,trend_momentum,1.44127146,False,0.006096031204679608,0.20330474185498842,-0.07396726977130608,CANDIDATE_EVALUATED
trend_momentum-99add87fa7864c7b-20260911T192705056495Z-a14ad701,trend_momentum-99add87fa7864c7b,trend_momentum,1.37229254,False,0.0033267436772630443,0.21748549526661104,-0.03665250968865774,CANDIDATE_EVALUATED
trend_momentum-99add87fa7864c7b-20260911T193803043604Z-b28222bc,trend_momentum-99add87fa7864c7b,trend_momentum,1.37229254,False,0.0033267436772630443,0.21748549526661104,-0.03665250968865774,CANDIDATE_EVALUATED
trend_momentum-8fa226bd4b373c0c-20260911T192743129705Z-d88c3be8,trend_momentum-8fa226bd4b373c0c,trend_momentum,1.31360936,False,0.005823381595867261,0.19800708071073692,-0.07206228930081959,CANDIDATE_EVALUATED
trend_momentum-8fa226bd4b373c0c-20260911T193832915035Z-686e2bcf,trend_momentum-8fa226bd4b373c0c,trend_momentum,1.31360936,False,0.005823381595867261,0.19800708071073692,-0.07206228930081959,CANDIDATE_EVALUATED
trend_momentum-52036b2f88632577-20260911T192646623813Z-2d4ead88,trend_momentum-52036b2f88632577,trend_momentum,1.22658266,False,0.003254675006423735,0.21015612955705615,-0.036723216913921664,CANDIDATE_EVALUATED
trend_momentum-52036b2f88632577-20260911T193747628641Z-2137400a,trend_momentum-52036b2f88632577,trend_momentum,1.22658266,False,0.003254675006423735,0.21015612955705615,-0.036723216913921664,CANDIDATE_EVALUATED
trend_momentum-804d999e8e320101-20260911T192648640220Z-882bfe52,trend_momentum-804d999e8e320101,trend_momentum,1.22619365,False,0.00331905912713637,0.21052566494631605,-0.037818326157349924,CANDIDATE_EVALUATED
trend_momentum-804d999e8e320101-20260911T193749458712Z-e481f754,trend_momentum-804d999e8e320101,trend_momentum,1.22619365,False,0.00331905912713637,0.21052566494631605,-0.037818326157349924,CANDIDATE_EVALUATED
trend_momentum-0099e486198d38d2-20260911T192756081332Z-d4d09c2a,trend_momentum-0099e486198d38d2,trend_momentum,1.09838118,False,0.005781114258972764,0.18643475999954373,-0.07072855086677676,CANDIDATE_EVALUATED
trend_momentum-0099e486198d38d2-20260911T193842931352Z-126f3a22,trend_momentum-0099e486198d38d2,trend_momentum,1.09838118,False,0.005781114258972764,0.18643475999954373,-0.07072855086677676,CANDIDATE_EVALUATED
trend_momentum-a9bdfb9fd9a751b8-20260911T192758251832Z-64b1e9e9,trend_momentum-a9bdfb9fd9a751b8,trend_momentum,0.98406934,False,0.005696487885590962,0.17977067081065098,-0.06800203462646481,CANDIDATE_EVALUATED
trend_momentum-a9bdfb9fd9a751b8-20260911T193844575223Z-47e4376a,trend_momentum-a9bdfb9fd9a751b8,trend_momentum,0.98406934,False,0.005696487885590962,0.17977067081065098,-0.06800203462646481,CANDIDATE_EVALUATED
trend_momentum-e88d0300cc3919b6-20260911T192815126617Z-fcf92f79,trend_momentum-e88d0300cc3919b6,trend_momentum,0.95437534,False,0.0055991611909989025,0.18125838387367116,-0.07243873138950696,CANDIDATE_EVALUATED
trend_momentum-e88d0300cc3919b6-20260911T193857739806Z-c44dbbcf,trend_momentum-e88d0300cc3919b6,trend_momentum,0.95437534,False,0.0055991611909989025,0.18125838387367116,-0.07243873138950696,CANDIDATE_EVALUATED
trend_momentum-1e72c80e6dc2d4bc-20260911T192658913800Z-ec0d5236,trend_momentum-1e72c80e6dc2d4bc,trend_momentum,0.85521625,False,0.0031404549534621573,0.19113461265992424,-0.03622478149569841,CANDIDATE_EVALUATED
trend_momentum-1e72c80e6dc2d4bc-20260911T193758060223Z-92fe3efc,trend_momentum-1e72c80e6dc2d4bc,trend_momentum,0.85521625,False,0.0031404549534621573,0.19113461265992424,-0.03622478149569841,CANDIDATE_EVALUATED
trend_momentum-a7de329c1d35e426-20260911T192717902990Z-4a66cd52,trend_momentum-a7de329c1d35e426,trend_momentum,0.71800416,False,0.003039992743433917,0.185662782468384,-0.03691825580730301,CANDIDATE_EVALUATED
trend_momentum-a7de329c1d35e426-20260911T193813018562Z-0569fccf,trend_momentum-a7de329c1d35e426,trend_momentum,0.71800416,False,0.003039992743433917,0.185662782468384,-0.03691825580730301,CANDIDATE_EVALUATED
trend_momentum-db3b9e5723a17920-20260911T192701045810Z-399888ad,trend_momentum-db3b9e5723a17920,trend_momentum,0.68210052,False,0.0030569540140290563,0.1812197298624193,-0.034720941178160714,CANDIDATE_EVALUATED
trend_momentum-db3b9e5723a17920-20260911T193759709268Z-5b1ba710,trend_momentum-db3b9e5723a17920,trend_momentum,0.68210052,False,0.0030569540140290563,0.1812197298624193,-0.034720941178160714,CANDIDATE_EVALUATED
trend-7ca42f38d7d16973-20260911T192622839268Z-06467691,trend-7ca42f38d7d16973,trend,0.59357681,False,0.011889164831117016,0.20168292128455342,-0.15528326600033027,CANDIDATE_EVALUATED
trend-7ca42f38d7d16973-20260911T193727209583Z-14e8f3c0,trend-7ca42f38d7d16973,trend,0.59357681,False,0.011889164831117016,0.20168292128455342,-0.15528326600033027,CANDIDATE_EVALUATED
trend_momentum-858a74443d02c8b9-20260911T192821802883Z-949db543,trend_momentum-858a74443d02c8b9,trend_momentum,0.49538301,False,0.004686741422509799,0.16526294708000092,-0.07302517956147137,CANDIDATE_EVALUATED
trend_momentum-858a74443d02c8b9-20260911T193902562062Z-9fd60fbc,trend_momentum-858a74443d02c8b9,trend_momentum,0.49538301,False,0.004686741422509799,0.16526294708000092,-0.07302517956147137,CANDIDATE_EVALUATED
trend_momentum-62cb39d3af1ddd4b-20260911T192724275507Z-62deef48,trend_momentum-62cb39d3af1ddd4b,trend_momentum,0.41740806,False,0.0026252920660119194,0.17444371116211368,-0.03710999143473903,CANDIDATE_EVALUATED
trend_momentum-62cb39d3af1ddd4b-20260911T193817900005Z-069ffbfd,trend_momentum-62cb39d3af1ddd4b,trend_momentum,0.41740806,False,0.0026252920660119194,0.17444371116211368,-0.03710999143473903,CANDIDATE_EVALUATED
trend_momentum-0f8b11846edacef6-20260911T192726461460Z-adf5b4f6,trend_momentum-0f8b11846edacef6,trend_momentum,0.10552704,False,0.0024869573908667952,0.16037633920724345,-0.039369427917996136,CANDIDATE_EVALUATED
trend_momentum-0f8b11846edacef6-20260911T193819532488Z-28121352,trend_momentum-0f8b11846edacef6,trend_momentum,0.10552704,False,0.0024869573908667952,0.16037633920724345,-0.039369427917996136,CANDIDATE_EVALUATED
trend_momentum-3eaad4ebc064227e-20260911T192703100226Z-53e9f28d,trend_momentum-3eaad4ebc064227e,trend_momentum,-0.70640416,False,0.0018465813006012244,0.1262429801374183,-0.04606623387108355,CANDIDATE_EVALUATED
trend_momentum-3eaad4ebc064227e-20260911T193801367364Z-7316417b,trend_momentum-3eaad4ebc064227e,trend_momentum,-0.70640416,False,0.0018465813006012244,0.1262429801374183,-0.04606623387108355,CANDIDATE_EVALUATED
trend_momentum-b69e52485f4f64ef-20260911T192817408512Z-cd56148b,trend_momentum-b69e52485f4f64ef,trend_momentum,-0.74107615,False,0.0033101557878991716,0.11183414286560231,-0.07689475437267101,CANDIDATE_EVALUATED
trend_momentum-b69e52485f4f64ef-20260911T193859428668Z-2230de78,trend_momentum-b69e52485f4f64ef,trend_momentum,-0.74107615,False,0.0033101557878991716,0.11183414286560231,-0.07689475437267101,CANDIDATE_EVALUATED
trend_momentum-928c9e104361807f-20260911T192719919097Z-af6795ec,trend_momentum-928c9e104361807f,trend_momentum,-0.85013369,False,0.0018793026135661695,0.11498208720966355,-0.03943860513355524,CANDIDATE_EVALUATED
trend_momentum-928c9e104361807f-20260911T193814669596Z-ff16aaec,trend_momentum-928c9e104361807f,trend_momentum,-0.85013369,False,0.0018793026135661695,0.11498208720966355,-0.03943860513355524,CANDIDATE_EVALUATED
trend_momentum-ac47659a114bd02e-20260911T192800238237Z-efbd28f8,trend_momentum-ac47659a114bd02e,trend_momentum,-0.89202361,False,0.0029217581118641256,0.109765451985413,-0.09088943524693538,CANDIDATE_EVALUATED
trend_momentum-ac47659a114bd02e-20260911T193846151566Z-b481087f,trend_momentum-ac47659a114bd02e,trend_momentum,-0.89202361,False,0.0029217581118641256,0.109765451985413,-0.09088943524693538,CANDIDATE_EVALUATED
trend_momentum-4982a5ea108f9871-20260911T192644447007Z-e43add87,trend_momentum-4982a5ea108f9871,trend_momentum,-1.55104314,False,0.0012269916401481673,0.08657820334780868,-0.04731580169945371,CANDIDATE_EVALUATED
trend_momentum-4982a5ea108f9871-20260911T193745728860Z-ee29626c,trend_momentum-4982a5ea108f9871,trend_momentum,-1.55104314,False,0.0012269916401481673,0.08657820334780868,-0.04731580169945371,CANDIDATE_EVALUATED
trend_momentum-4586449b6bd9be00-20260911T151547228371Z-9fd3f6a3,trend_momentum-4586449b6bd9be00,trend_momentum,-1.6216156,False,0.0012085422755616637,0.081536905949845,-0.04200648880458879,CANDIDATE_EVALUATED
trend_momentum-4586449b6bd9be00-20260911T192638236822Z-b2dee92a,trend_momentum-4586449b6bd9be00,trend_momentum,-1.6216156,False,0.0012085422755616637,0.081536905949845,-0.04200648880458879,CANDIDATE_EVALUATED
trend_momentum-4586449b6bd9be00-20260911T193740253781Z-9f0b484e,trend_momentum-4586449b6bd9be00,trend_momentum,-1.6216156,False,0.0012085422755616637,0.081536905949845,-0.04200648880458879,CANDIDATE_EVALUATED
trend_momentum-422913900a41200b-20260911T192734726359Z-a2ee2f7f,trend_momentum-422913900a41200b,trend_momentum,-1.65855804,False,0.0019361007702969335,0.07560595513468484,-0.08251947782321578,CANDIDATE_EVALUATED
trend_momentum-422913900a41200b-20260911T193826285576Z-44c20956,trend_momentum-422913900a41200b,trend_momentum,-1.65855804,False,0.0019361007702969335,0.07560595513468484,-0.08251947782321578,CANDIDATE_EVALUATED
trend_momentum-953a9f8d1bd59d2a-20260911T192722169294Z-27d0479c,trend_momentum-953a9f8d1bd59d2a,trend_momentum,-1.76836042,False,0.0010384435477066578,0.07545889324672464,-0.04181371166391512,CANDIDATE_EVALUATED
trend_momentum-953a9f8d1bd59d2a-20260911T193816266291Z-7a64c323,trend_momentum-953a9f8d1bd59d2a,trend_momentum,-1.76836042,False,0.0010384435477066578,0.07545889324672464,-0.04181371166391512,CANDIDATE_EVALUATED
trend_momentum-fccf14c63c0aa401-20260911T192741023287Z-a98f139f,trend_momentum-fccf14c63c0aa401,trend_momentum,-1.76964212,False,0.001752654497265027,0.07214034184953248,-0.09312481114288007,CANDIDATE_EVALUATED
trend_momentum-fccf14c63c0aa401-20260911T193831219301Z-33c26e3d,trend_momentum-fccf14c63c0aa401,trend_momentum,-1.76964212,False,0.001752654497265027,0.07214034184953248,-0.09312481114288007,CANDIDATE_EVALUATED
trend_momentum-9cb02af426f81637-20260911T192656875543Z-36ea8747,trend_momentum-9cb02af426f81637,trend_momentum,-1.84186543,False,0.0010354369576768274,0.07110064223101784,-0.041038463787458346,CANDIDATE_EVALUATED
trend_momentum-9cb02af426f81637-20260911T193756424800Z-6157a9f1,trend_momentum-9cb02af426f81637,trend_momentum,-1.84186543,False,0.0010354369576768274,0.07110064223101784,-0.041038463787458346,CANDIDATE_EVALUATED
trend_momentum-9dd4b25b42dd13b4-20260911T192819576668Z-c30aad6c,trend_momentum-9dd4b25b42dd13b4,trend_momentum,-1.98313148,False,0.001436085270971832,0.06240121425994675,-0.0825965527277418,CANDIDATE_EVALUATED
trend_momentum-9dd4b25b42dd13b4-20260911T193901015932Z-ea388155,trend_momentum-9dd4b25b42dd13b4,trend_momentum,-1.98313148,False,0.001436085270971832,0.06240121425994675,-0.0825965527277418,CANDIDATE_EVALUATED
trend_momentum-fa7caff8eb8498d1-20260911T192753951609Z-46c6f51f,trend_momentum-fa7caff8eb8498d1,trend_momentum,-5.25395682,False,0.0015704534558713679,0.0643745401345718,-0.08060060526707846,CANDIDATE_EVALUATED
trend_momentum-fa7caff8eb8498d1-20260911T193841230782Z-7471c51c,trend_momentum-fa7caff8eb8498d1,trend_momentum,-5.25395682,False,0.0015704534558713679,0.0643745401345718,-0.08060060526707846,CANDIDATE_EVALUATED
trend_momentum-ebfdbf85b8244322-20260911T192715711177Z-f75ca8e0,trend_momentum-ebfdbf85b8244322,trend_momentum,-5.453424,False,0.0008224825761424803,0.05841563148441951,-0.04169090728892766,CANDIDATE_EVALUATED
trend_momentum-ebfdbf85b8244322-20260911T193811347667Z-da2b0b8f,trend_momentum-ebfdbf85b8244322,trend_momentum,-5.453424,False,0.0008224825761424803,0.05841563148441951,-0.04169090728892766,CANDIDATE_EVALUATED
trend_momentum-1ef91c82423e5291-20260911T192813017834Z-b871645d,trend_momentum-1ef91c82423e5291,trend_momentum,-5.55857283,False,0.001152140218205977,0.051691673613086214,-0.08175922379217682,CANDIDATE_EVALUATED
trend_momentum-1ef91c82423e5291-20260911T193855947551Z-8167f9df,trend_momentum-1ef91c82423e5291,trend_momentum,-5.55857283,False,0.001152140218205977,0.051691673613086214,-0.08175922379217682,CANDIDATE_EVALUATED
